USE riotBDD;

-- Modes de jeu
INSERT INTO ModeJeu (id_mode, nom_mode) VALUES
('mode1', 'Classé Solo/Duo'),
('mode2', 'Classé Flex'),
('mode3', 'Normal Draft'),
('mode4', 'ARAM'),
('mode5', 'Normal Aveugle');

-- Champions
INSERT INTO Champion (id_champion, nom_affiche) VALUES
('aatrox', 'Aatrox'),
('ahri', 'Ahri'),
('akali', 'Akali'),
('akshan', 'Akshan'),
('alistar', 'Alistar'),
('amumu', 'Amumu'),
('anivia', 'Anivia'),
('annie', 'Annie'),
('aphelios', 'Aphelios'),
('ashe', 'Ashe'),
('aurelionsol', 'Aurelion Sol'),
('azir', 'Azir'),
('bard', 'Bard'),
('belveth', 'Bel''Veth'),
('blitzcrank', 'Blitzcrank'),
('brand', 'Brand'),
('braum', 'Braum'),
('briar', 'Briar'),
('caitlyn', 'Caitlyn'),
('camille', 'Camille'),
('cassiopeia', 'Cassiopeia'),
('chogath', 'Cho''Gath'),
('corki', 'Corki'),
('darius', 'Darius'),
('diana', 'Diana'),
('draven', 'Draven'),
('drmundo', 'Dr. Mundo'),
('ekko', 'Ekko'),
('elise', 'Elise'),
('evelynn', 'Evelynn'),
('ezreal', 'Ezreal'),
('fiddlesticks', 'Fiddlesticks'),
('fiora', 'Fiora'),
('fizz', 'Fizz'),
('galio', 'Galio'),
('gangplank', 'Gangplank'),
('garen', 'Garen'),
('gnar', 'Gnar'),
('gragas', 'Gragas'),
('graves', 'Graves'),
('gwen', 'Gwen'),
('hecarim', 'Hecarim'),
('heimerdinger', 'Heimerdinger'),
('illaoi', 'Illaoi'),
('irelia', 'Irelia'),
('ivern', 'Ivern'),
('janna', 'Janna'),
('jarvaniv', 'Jarvan IV'),
('jax', 'Jax'),
('jayce', 'Jayce'),
('jhin', 'Jhin'),
('jinx', 'Jinx'),
('kaisa', 'Kai''Sa'),
('kalista', 'Kalista'),
('karma', 'Karma'),
('karthus', 'Karthus'),
('kassadin', 'Kassadin'),
('katarina', 'Katarina'),
('kayle', 'Kayle'),
('kayn', 'Kayn'),
('kennen', 'Kennen'),
('khazix', 'Kha''Zix'),
('kindred', 'Kindred'),
('kled', 'Kled'),
('kogmaw', 'Kog''Maw'),
('ksante', 'K''Sante'),
('leblanc', 'LeBlanc'),
('leesin', 'Lee Sin'),
('leona', 'Leona'),
('lillia', 'Lillia'),
('lissandra', 'Lissandra'),
('lucian', 'Lucian'),
('lulu', 'Lulu'),
('lux', 'Lux'),
('malphite', 'Malphite'),
('malzahar', 'Malzahar'),
('maokai', 'Maokai'),
('masteryi', 'Master Yi'),
('milio', 'Milio'),
('missfortune', 'Miss Fortune'),
('mordekaiser', 'Mordekaiser'),
('morgana', 'Morgana'),
('naafiri', 'Naafiri'),
('nami', 'Nami'),
('nasus', 'Nasus'),
('nautilus', 'Nautilus'),
('neeko', 'Neeko'),
('nidalee', 'Nidalee'),
('nilah', 'Nilah'),
('nocturne', 'Nocturne'),
('nunu', 'Nunu & Willump'),
('olaf', 'Olaf'),
('orianna', 'Orianna'),
('ornn', 'Ornn'),
('pantheon', 'Pantheon'),
('poppy', 'Poppy'),
('pyke', 'Pyke'),
('qiyana', 'Qiyana'),
('quinn', 'Quinn'),
('rakan', 'Rakan'),
('rammus', 'Rammus'),
('reksai', 'Rek''Sai'),
('rell', 'Rell'),
('renata', 'Renata Glasc'),
('renekton', 'Renekton'),
('rengar', 'Rengar'),
('riven', 'Riven'),
('rumble', 'Rumble'),
('ryze', 'Ryze'),
('samira', 'Samira'),
('sejuani', 'Sejuani'),
('senna', 'Senna'),
('seraphine', 'Seraphine'),
('sett', 'Sett'),
('shaco', 'Shaco'),
('shen', 'Shen'),
('shyvana', 'Shyvana'),
('singed', 'Singed'),
('sion', 'Sion'),
('sivir', 'Sivir'),
('skarner', 'Skarner'),
('sona', 'Sona'),
('soraka', 'Soraka'),
('swain', 'Swain'),
('sylas', 'Sylas'),
('syndra', 'Syndra'),
('tahmkench', 'Tahm Kench'),
('taliyah', 'Taliyah'),
('talon', 'Talon'),
('taric', 'Taric'),
('teemo', 'Teemo'),
('thresh', 'Thresh'),
('tristana', 'Tristana'),
('trundle', 'Trundle'),
('tryndamere', 'Tryndamere'),
('twistedfate', 'Twisted Fate'),
('twitch', 'Twitch'),
('udyr', 'Udyr'),
('urgot', 'Urgot'),
('varus', 'Varus'),
('vayne', 'Vayne'),
('veigar', 'Veigar'),
('velkoz', 'Vel''Koz'),
('vex', 'Vex'),
('vi', 'Vi'),
('viego', 'Viego'),
('viktor', 'Viktor'),
('vladimir', 'Vladimir'),
('volibear', 'Volibear'),
('warwick', 'Warwick'),
('xayah', 'Xayah'),
('xerath', 'Xerath'),
('xinzhao', 'Xin Zhao'),
('yasuo', 'Yasuo'),
('yone', 'Yone'),
('yorick', 'Yorick'),
('yuumi', 'Yuumi'),
('zac', 'Zac'),
('zed', 'Zed'),
('zeri', 'Zeri'),
('ziggs', 'Ziggs'),
('zilean', 'Zilean'),
('zoe', 'Zoe'),
('zyra', 'Zyra');

-- Items
INSERT INTO Item (id_item, nom_item) VALUES
('dblade', 'Doran''s Blade'),
('dring', 'Doran''s Ring'),
('dshield', 'Doran''s Shield'),
('cull', 'Cull'),
('potion', 'Health Potion'),
('refillable', 'Refillable Potion'),
('corrupting', 'Corrupting Potion'),
('boots', 'Boots'),
('berserker', 'Berserker''s Greaves'),
('swiftness', 'Swiftness Boots'),
('mobility', 'Mobility Boots'),
('mercury', 'Mercury''s Treads'),
('sorcerer', 'Sorcerer''s Shoes'),
('lucidity', 'Ionian Boots of Lucidity'),
('steelcaps', 'Plated Steelcaps'),
('defensive', 'Defensive Boots'),
('trinity', 'Trinity Force'),
('divine', 'Divine Sunderer'),
('eclipse', 'Eclipse'),
('duskblade', 'Duskblade of Draktharr'),
('prowler', 'Prowler''s Claw'),
('liandry', 'Liandry''s Anguish'),
('luden', 'Luden''s Tempest'),
('everfrost', 'Everfrost'),
('riftmaker', 'Riftmaker'),
('night', 'Night Harvester'),
('rocketbelt', 'Hextech Rocketbelt'),
('shurelya', 'Shurelya''s Battlesong'),
('mandate', 'Imperial Mandate'),
('moonstone', 'Moonstone Renewer'),
('heartsteel', 'Heartsteel'),
('jacksho', 'Jak''Sho, The Protean'),
('iceborn', 'Iceborn Gauntlet'),
('radiant', 'Radiant Virtue'),
('evenshroud', 'Evenshroud'),
('locket', 'Locket of the Iron Solari'),
('stormrazor', 'Stormrazor'),
('statikk', 'Statikk Shiv'),
('rfc', 'Rapid Firecannon'),
('phantom', 'Phantom Dancer'),
('rageblade', 'Guinsoo''s Rageblade'),
('navori', 'Navori Quickblades'),
('ie', 'Infinity Edge'),
('bt', 'Bloodthirster'),
('shieldbow', 'Immortal Shieldbow'),
('collector', 'The Collector'),
('ldr', 'Lord Dominik''s Regards'),
('mortalk', 'Mortal Reminder'),
('serylda', 'Serylda''s Grudge'),
('serpent', 'Serpent''s Fang'),
('umbral', 'Umbral Glaive'),
('ghostblade', 'Youmuu''s Ghostblade'),
('edge', 'Edge of Night'),
('profane', 'Profane Hydra'),
('ravenous', 'Ravenous Hydra'),
('titanic', 'Titanic Hydra'),
('cleaver', 'Black Cleaver'),
('essence', 'Essence Reaver'),
('manamune', 'Manamune'),
('maw', 'Maw of Malmortius'),
('deathdance', 'Death''s Dance'),
('sterak', 'Sterak''s Gage'),
('silvermere', 'Silvermere Dawn'),
('guardian', 'Guardian Angel'),
('rabadon', 'Rabadon''s Deathcap'),
('void', 'Void Staff'),
('cosmic', 'Cosmic Drive'),
('horizon', 'Horizon Focus'),
('shadowflame', 'Shadowflame'),
('demonic', 'Demonic Embrace'),
('morello', 'Morellonomicon'),
('chemtech', 'Chemtech Putrifier'),
('rylai', 'Rylai''s Crystal Scepter'),
('archangel', 'Archangel''s Staff'),
('seraph', 'Seraph''s Embrace'),
('nashor', 'Nashor''s Tooth'),
('lich', 'Lich Bane'),
('crown', 'Crown of the Shattered Queen'),
('zhonya', 'Zhonya''s Hourglass'),
('banshee', 'Banshee''s Veil'),
('rod', 'Rod of Ages'),
('catalyst', 'Catalyst of Aeons'),
('sunfire', 'Sunfire Aegis'),
('frostfire', 'Frostfire Gauntlet'),
('thornmail', 'Thornmail'),
('frozen', 'Frozen Heart'),
('randuin', 'Randuin''s Omen'),
('visage', 'Spirit Visage'),
('force', 'Force of Nature'),
('stoneplate', 'Gargoyle Stoneplate'),
('abyssal', 'Abyssal Mask'),
('zeke', 'Zeke''s Convergence'),
('knight', 'Knight''s Vow'),
('redemption', 'Redemption'),
('mikael', 'Mikael''s Crucible'),
('anathemas', 'Anathema''s Chains'),
('ardent', 'Ardent Censer'),
('staff', 'Staff of Flowing Water'),
('frostfang', 'Shard of True Ice'),
('steel', 'Steel Shoulderguards'),
('bulwark', 'Bulwark of the Mountain'),
('spellthief', 'Spellthief''s Edge'),
('relic', 'Relic Shield'),
('sickle', 'Spectral Sickle'),
('skirmisher', 'Skirmisher''s Sabre'),
('stalker', 'Stalker''s Blade'),
('emblem', 'Emberknife'),
('hailblade', 'Hailblade'),
('elixiriron', 'Elixir of Iron'),
('elixirsorcery', 'Elixir of Sorcery'),
('elixirwrath', 'Elixir of Wrath'),
('controlward', 'Control Ward'),
('farsight', 'Farsight Alteration'),
('oracle', 'Oracle Lens'),
('longsword', 'Long Sword'),
('pickaxe', 'Pickaxe'),
('bfsword', 'B.F. Sword'),
('cloak', 'Cloak of Agility'),
('zeal', 'Zeal'),
('recurve', 'Recurve Bow'),
('kircheis', 'Kircheis Shard'),
('noonquiver', 'Noonquiver'),
('vampiric', 'Vampiric Scepter'),
('bilgewater', 'Bilgewater Cutlass'),
('qss', 'Quicksilver Sash'),
('stopwatch', 'Stopwatch'),
('giantsbelt', 'Giant''s Belt'),
('chainvest', 'Chain Vest'),
('clotharmor', 'Cloth Armor'),
('nullmagic', 'Null-Magic Mantle'),
('rubycrystal', 'Ruby Crystal'),
('sapphire', 'Sapphire Crystal'),
('amplifying', 'Amplifying Tome'),
('blasting', 'Blasting Wand'),
('needlessly', 'Needlessly Large Rod'),
('codex', 'Fiendish Codex'),
('kindlegem', 'Kindlegem'),
('sheen', 'Sheen'),
('phage', 'Phage'),
('warhammer', 'Caulfield''s Warhammer'),
('hexdrinker', 'Hexdrinker'),
('serrated', 'Serrated Dirk'),
('lastwhisper', 'Last Whisper'),
('executioner', 'Executioner''s Calling'),
('oblivion', 'Oblivion Orb'),
('haunting', 'Haunting Guise'),
('seekers', 'Seeker''s Armguard'),
('spectre', 'Spectre''s Cowl'),
('aegis', 'Aegis of the Legion'),
('warden', 'Warden''s Mail'),
('bramble', 'Bramble Vest'),
('tiamat', 'Tiamat'),
('ironspike', 'Ironspike Whip'),
('goredrinker', 'Goredrinker'),
('stridebreaker', 'Stridebreaker'),
('hullbreaker', 'Hullbreaker');

-- Runes
INSERT INTO Rune (id_rune, nom_arbre, main_rune, arbre_principal1, arbre_principal2, arbre_principal3, arbre_secondaire1, arbre_secondaire2, stats1, stats2, stats3) VALUES
('rune_sett', 'Precision', 'Conqueror', 'Triumph', 'Legend: Alacrity', 'Last Stand', 'Overgrowth', 'Bone Plating', 'Attack Speed', 'Adaptive Force', 'Health Scaling'),
('rune_darius', 'Precision', 'Conqueror', 'Triumph', 'Legend: Tenacity', 'Last Stand', 'Unflinching', 'Bone Plating', 'Attack Speed', 'Adaptive Force', 'Armor'),
('rune_garen', 'Precision', 'Conqueror', 'Triumph', 'Legend: Tenacity', 'Coup de Grace', 'Unflinching', 'Conditioning', 'Attack Speed', 'Adaptive Force', 'Armor'),
('rune_fiora', 'Precision', 'Conqueror', 'Triumph', 'Legend: Alacrity', 'Last Stand', 'Bone Plating', 'Demolish', 'Attack Speed', 'Adaptive Force', 'Health Scaling'),
('rune_camille', 'Precision', 'Conqueror', 'Triumph', 'Legend: Alacrity', 'Last Stand', 'Shield Bash', 'Bone Plating', 'Attack Speed', 'Adaptive Force', 'Armor'),
('rune_zed', 'Domination', 'Electrocute', 'Sudden Impact', 'Eyeball Collection', 'Ultimate Hunter', 'Scorch', 'Absolute Focus', 'Adaptive Force', 'Adaptive Force', 'Armor'),
('rune_yasuo', 'Precision', 'Lethal Tempo', 'Triumph', 'Legend: Alacrity', 'Last Stand', 'Second Wind', 'Unflinching', 'Attack Speed', 'Adaptive Force', 'Armor'),
('rune_yone', 'Precision', 'Lethal Tempo', 'Triumph', 'Legend: Alacrity', 'Last Stand', 'Second Wind', 'Unflinching', 'Attack Speed', 'Adaptive Force', 'Armor'),
('rune_akali', 'Domination', 'Electrocute', 'Sudden Impact', 'Eyeball Collection', 'Ultimate Hunter', 'Transcendence', 'Gathering Storm', 'Adaptive Force', 'Adaptive Force', 'Health Scaling'),
('rune_katarina', 'Precision', 'Conqueror', 'Triumph', 'Legend: Tenacity', 'Last Stand', 'Sudden Impact', 'Relentless Hunter', 'Adaptive Force', 'Adaptive Force', 'Armor'),
('rune_ahri', 'Sorcery', 'Arcane Comet', 'Manaflow Band', 'Transcendence', 'Scorch', 'Biscuit Delivery', 'Cosmic Insight', 'Adaptive Force', 'Adaptive Force', 'Armor'),
('rune_lux', 'Sorcery', 'Summon Aery', 'Manaflow Band', 'Transcendence', 'Scorch', 'Biscuit Delivery', 'Cosmic Insight', 'Adaptive Force', 'Adaptive Force', 'Armor'),
('rune_syndra', 'Sorcery', 'Summon Aery', 'Manaflow Band', 'Transcendence', 'Scorch', 'Biscuit Delivery', 'Cosmic Insight', 'Adaptive Force', 'Adaptive Force', 'Health Scaling'),
('rune_orianna', 'Sorcery', 'Summon Aery', 'Manaflow Band', 'Transcendence', 'Scorch', 'Biscuit Delivery', 'Cosmic Insight', 'Adaptive Force', 'Adaptive Force', 'Armor'),
('rune_viktor', 'Sorcery', 'First Strike', 'Magical Footwear', 'Biscuit Delivery', 'Cosmic Insight', 'Manaflow Band', 'Transcendence', 'Adaptive Force', 'Adaptive Force', 'Armor'),
('rune_kaisa', 'Precision', 'Lethal Tempo', 'Presence of Mind', 'Legend: Bloodline', 'Cut Down', 'Biscuit Delivery', 'Cosmic Insight', 'Attack Speed', 'Adaptive Force', 'Armor'),
('rune_jinx', 'Precision', 'Lethal Tempo', 'Presence of Mind', 'Legend: Bloodline', 'Cut Down', 'Magical Footwear', 'Biscuit Delivery', 'Attack Speed', 'Adaptive Force', 'Armor'),
('rune_ezreal', 'Precision', 'Conqueror', 'Presence of Mind', 'Legend: Bloodline', 'Cut Down', 'Magical Footwear', 'Biscuit Delivery', 'Attack Speed', 'Adaptive Force', 'Armor'),
('rune_jhin', 'Precision', 'Fleet Footwork', 'Presence of Mind', 'Legend: Bloodline', 'Cut Down', 'Celerity', 'Gathering Storm', 'Attack Speed', 'Adaptive Force', 'Armor'),
('rune_ashe', 'Precision', 'Lethal Tempo', 'Presence of Mind', 'Legend: Alacrity', 'Cut Down', 'Magical Footwear', 'Approach Velocity', 'Attack Speed', 'Adaptive Force', 'Armor'),
('rune_leesin', 'Precision', 'Conqueror', 'Triumph', 'Legend: Alacrity', 'Last Stand', 'Magical Footwear', 'Cosmic Insight', 'Attack Speed', 'Adaptive Force', 'Armor'),
('rune_khazix', 'Domination', 'First Strike', 'Magical Footwear', 'Future''s Market', 'Cosmic Insight', 'Sudden Impact', 'Relentless Hunter', 'Adaptive Force', 'Adaptive Force', 'Armor'),
('rune_graves', 'Precision', 'Fleet Footwork', 'Triumph', 'Legend: Alacrity', 'Coup de Grace', 'Magical Footwear', 'Cosmic Insight', 'Attack Speed', 'Adaptive Force', 'Armor'),
('rune_hecari', 'Precision', 'Conqueror', 'Triumph', 'Legend: Tenacity', 'Last Stand', 'Magical Footwear', 'Cosmic Insight', 'Attack Speed', 'Adaptive Force', 'Armor'),
('rune_ekko', 'Domination', 'Electrocute', 'Sudden Impact', 'Eyeball Collection', 'Ultimate Hunter', 'Absolute Focus', 'Gathering Storm', 'Adaptive Force', 'Adaptive Force', 'Armor'),
('rune_thresh', 'Resolve', 'Guardian', 'Font of Life', 'Bone Plating', 'Unflinching', 'Biscuit Delivery', 'Cosmic Insight', 'Attack Speed', 'Armor', 'Health Scaling'),
('rune_leona', 'Resolve', 'Aftershock', 'Font of Life', 'Bone Plating', 'Unflinching', 'Biscuit Delivery', 'Cosmic Insight', 'Attack Speed', 'Armor', 'Health Scaling'),
('rune_lulu', 'Sorcery', 'Summon Aery', 'Manaflow Band', 'Transcendence', 'Scorch', 'Biscuit Delivery', 'Cosmic Insight', 'Adaptive Force', 'Armor', 'Health Scaling'),
('rune_nautilus', 'Resolve', 'Aftershock', 'Font of Life', 'Bone Plating', 'Unflinching', 'Biscuit Delivery', 'Cosmic Insight', 'Attack Speed', 'Armor', 'Health Scaling'),
('rune_yuumi', 'Sorcery', 'Summon Aery', 'Manaflow Band', 'Transcendence', 'Scorch', 'Presence of Mind', 'Cut Down', 'Adaptive Force', 'Adaptive Force', 'Armor'),
('rune_malphite', 'Resolve', 'Grasp of the Undying', 'Demolish', 'Conditioning', 'Overgrowth', 'Manaflow Band', 'Transcendence', 'Attack Speed', 'Armor', 'Magic Resist'),
('rune_ornn', 'Resolve', 'Grasp of the Undying', 'Demolish', 'Conditioning', 'Overgrowth', 'Magical Footwear', 'Biscuit Delivery', 'Attack Speed', 'Armor', 'Magic Resist'),
('rune_sion', 'Resolve', 'Grasp of the Undying', 'Demolish', 'Conditioning', 'Overgrowth', 'Magical Footwear', 'Approach Velocity', 'Attack Speed', 'Armor', 'Health Scaling'),
('rune_conq_standard', 'Precision', 'Conqueror', 'Triumph', 'Legend: Tenacity', 'Last Stand', 'Second Wind', 'Unflinching', 'Attack Speed', 'Adaptive Force', 'Armor'),
('rune_lethal_standard', 'Precision', 'Lethal Tempo', 'Triumph', 'Legend: Alacrity', 'Last Stand', 'Second Wind', 'Unflinching', 'Attack Speed', 'Adaptive Force', 'Armor'),
('rune_electro_standard', 'Domination', 'Electrocute', 'Sudden Impact', 'Eyeball Collection', 'Ultimate Hunter', 'Absolute Focus', 'Gathering Storm', 'Adaptive Force', 'Adaptive Force', 'Armor'),
('rune_aery_standard', 'Sorcery', 'Summon Aery', 'Manaflow Band', 'Transcendence', 'Scorch', 'Biscuit Delivery', 'Cosmic Insight', 'Adaptive Force', 'Adaptive Force', 'Armor'),
('rune_grasp_standard', 'Resolve', 'Grasp of the Undying', 'Demolish', 'Conditioning', 'Overgrowth', 'Magical Footwear', 'Biscuit Delivery', 'Attack Speed', 'Armor', 'Health Scaling');

-- Joueurs
INSERT INTO Joueur (id_joueur, pseudo, niveau_compte, rang_palier, division_palier, points_ligue) VALUES
('joueur1', 'Eraku', 247, 'Émeraude', '1', 78),
('joueur2', 'ShadowFlame', 189, 'Émeraude', '3', 45),
('joueur3', 'AzureBlade', 312, 'Diamant', '4', 12),
('joueur4', 'CrimsonTide', 156, 'Platine', '2', 67),
('joueur5', 'FrostGiant', 278, 'Émeraude', '2', 89),
('joueur6', 'MidKing', 234, 'Diamant', '2', 34),
('joueur7', 'JungleDiff', 198, 'Platine', '1', 92),
('joueur8', 'TopGap', 167, 'Émeraude', '4', 23),
('joueur9', 'ADCPro', 289, 'Diamant', '3', 56),
('joueur10', 'SupportGod', 223, 'Émeraude', '2', 71),
('joueur11', 'DarkHunt', 275, 'Diamant', '1', 88),
('joueur12', 'LightBringer', 142, 'Or', '3', 45),
('joueur13', 'ThunderFist', 198, 'Platine', '4', 12),
('joueur14', 'IceQueen', 324, 'Diamant', '2', 67),
('joueur15', 'FireLord', 187, 'Émeraude', '3', 34),
('joueur16', 'WindWalker', 256, 'Platine', '1', 79),
('joueur17', 'EarthShaker', 173, 'Or', '2', 56),
('joueur18', 'SeaMonster', 291, 'Diamant', '4', 23),
('joueur19', 'SkyGuardian', 205, 'Émeraude', '1', 91),
('joueur20', 'MoonDancer', 168, 'Platine', '3', 48),
('joueur21', 'StarChaser', 277, 'Diamant', '2', 65),
('joueur22', 'SunWarrior', 194, 'Émeraude', '4', 32),
('joueur23', 'VoidHunter', 312, 'Maître', NULL, 245),
('joueur24', 'BloodMage', 156, 'Or', '1', 87),
('joueur25', 'SoulReaper', 228, 'Platine', '2', 54),
('joueur26', 'GhostBlade', 183, 'Émeraude', '3', 76),
('joueur27', 'DragonSlayer', 269, 'Diamant', '1', 43),
('joueur28', 'PhoenixRise', 197, 'Platine', '4', 68),
('joueur29', 'WolfPack', 174, 'Or', '2', 95),
('joueur30', 'BearForce', 285, 'Diamant', '3', 27);

-- Matchs
INSERT INTO Match_ (id_match, date_match, duree_secondes) VALUES
('match1', '2024-01-15 18:30:00', 1842),
('match2', '2024-01-15 20:15:00', 1845),
('match3', '2024-01-16 19:20:00', 1848),
('match4', '2024-01-16 21:05:00', 1843),
('match5', '2024-01-17 18:45:00', 1846),
('match6', '2024-01-17 20:30:00', 1841),
('match7', '2024-01-18 19:10:00', 1844),
('match8', '2024-01-18 21:25:00', 1847),
('match9', '2024-01-19 18:50:00', 1842),
('match10', '2024-01-19 20:35:00', 1845),
('match11', '2024-01-20 19:15:00', 1840),
('match12', '2024-01-20 21:40:00', 1843),
('match13', '2024-01-21 18:55:00', 1846),
('match14', '2024-01-21 20:20:00', 1841),
('match15', '2024-01-22 19:30:00', 1844),
('match16', '2024-01-22 21:15:00', 1847),
('match17', '2024-01-23 18:40:00', 1842),
('match18', '2024-01-23 20:45:00', 1845),
('match19', '2024-01-24 19:05:00', 1848),
('match20', '2024-01-24 21:30:00', 1843),
('match21', '2024-01-25 18:35:00', 1846),
('match22', '2024-01-25 20:50:00', 1841),
('match23', '2024-01-26 19:25:00', 1844),
('match24', '2024-01-26 21:10:00', 1847),
('match25', '2024-01-27 18:45:00', 1842),
('match26', '2024-01-27 20:55:00', 1845),
('match27', '2024-01-28 19:20:00', 1848),
('match28', '2024-01-28 21:35:00', 1843),
('match29', '2024-01-29 18:50:00', 1846),
('match30', '2024-01-29 20:25:00', 1841);

-- PageStatistiqueJoueur (extraits)
INSERT INTO PageStatistiqueJoueur (id_match, id_joueur, lane, resultat_joueur, niveau_fin, kills, deaths, assists, cs_total, degats_infliges, score_vision, cs_par_minute, degats_par_minute, vision_par_minute, side) VALUES
('match1', 'joueur1', 'MID', 'V', 16, 8, 2, 6, 184, 26700, 16, 6.0, 870, 0.52, 'B'),
('match2', 'joueur1', 'MID', 'V', 17, 12, 4, 8, 198, 31200, 19, 6.4, 1015, 0.61, 'R'),
('match3', 'joueur1', 'MID', 'V', 15, 7, 3, 11, 172, 24500, 14, 5.6, 798, 0.45, 'B'),
('match4', 'joueur1', 'MID', 'V', 18, 14, 5, 9, 215, 35600, 22, 7.0, 1158, 0.71, 'B'),
('match5', 'joueur1', 'MID', 'V', 16, 9, 4, 7, 187, 27800, 17, 6.1, 905, 0.55, 'R'),
('match6', 'joueur1', 'MID', 'V', 17, 11, 6, 12, 203, 29800, 20, 6.6, 970, 0.65, 'B'),
('match7', 'joueur1', 'MID', 'V', 15, 6, 2, 14, 168, 23100, 15, 5.5, 752, 0.49, 'R'),
('match8', 'joueur1', 'MID', 'V', 16, 10, 3, 8, 192, 28400, 18, 6.3, 925, 0.59, 'B'),
('match9', 'joueur1', 'MID', 'V', 17, 13, 7, 5, 208, 32400, 21, 6.8, 1055, 0.68, 'B'),
('match10', 'joueur1', 'MID', 'V', 16, 8, 5, 10, 179, 26200, 16, 5.8, 853, 0.52, 'R'),
('match11', 'joueur1', 'MID', 'V', 18, 15, 4, 7, 221, 36700, 23, 7.2, 1195, 0.75, 'B'),
('match12', 'joueur1', 'MID', 'V', 16, 7, 3, 13, 185, 25400, 17, 6.0, 827, 0.55, 'R'),
('match13', 'joueur1', 'MID', 'V', 17, 11, 2, 9, 196, 30100, 19, 6.4, 980, 0.62, 'B'),
('match14', 'joueur1', 'MID', 'V', 15, 5, 4, 15, 165, 23800, 14, 5.4, 775, 0.46, 'R'),
('match15', 'joueur1', 'MID', 'V', 16, 9, 6, 8, 188, 27100, 18, 6.1, 882, 0.59, 'B'),
('match16', 'joueur1', 'MID', 'D', 14, 4, 8, 5, 152, 18700, 12, 5.0, 609, 0.39, 'R'),
('match17', 'joueur1', 'MID', 'D', 15, 6, 7, 4, 168, 20300, 14, 5.5, 661, 0.46, 'B'),
('match18', 'joueur1', 'MID', 'D', 13, 3, 9, 6, 138, 16200, 11, 4.5, 528, 0.36, 'R'),
('match19', 'joueur1', 'MID', 'D', 16, 7, 8, 3, 175, 21800, 16, 5.7, 710, 0.52, 'B'),
('match20', 'joueur1', 'MID', 'D', 14, 5, 6, 7, 158, 19400, 13, 5.2, 632, 0.42, 'R'),
('match21', 'joueur1', 'MID', 'D', 15, 8, 10, 2, 172, 22600, 15, 5.6, 736, 0.49, 'B'),
('match22', 'joueur1', 'MID', 'D', 13, 2, 11, 8, 142, 15300, 10, 4.6, 498, 0.33, 'R'),
('match23', 'joueur1', 'MID', 'D', 16, 9, 7, 4, 181, 24100, 17, 5.9, 785, 0.55, 'B'),
('match24', 'joueur1', 'MID', 'D', 14, 4, 9, 9, 149, 17800, 12, 4.9, 580, 0.39, 'R'),
('match25', 'joueur1', 'MID', 'D', 15, 6, 8, 5, 166, 20900, 14, 5.4, 681, 0.46, 'B'),
('match26', 'joueur1', 'MID', 'D', 16, 7, 6, 6, 178, 23200, 16, 5.8, 756, 0.52, 'B'),
('match28', 'joueur1', 'MID', 'D', 14, 5, 7, 8, 154, 19100, 13, 5.0, 622, 0.42, 'R'),
('match29', 'joueur1', 'MID', 'D', 13, 2, 8, 7, 140, 14800, 10, 4.6, 482, 0.33, 'R');

-- Amis
INSERT INTO Ami (id_joueur, id_joueur_1) VALUES
('joueur1', 'joueur3'),
('joueur1', 'joueur4'),
('joueur1', 'joueur17'),
('joueur1', 'joueur18'),
('joueur3', 'joueur9'),
('joueur15', 'joueur13');

-- Statistiques Champ (ton bloc)
INSERT INTO StatistiquesChamp (id_joueur, id_champion, id_mode, note, taux_victoire, parties_jouees, kda_moyen, taux_ban) VALUES
('joueur1', 'yasuo', 'mode1', 'S', 68.4, 125, 3.2, 25.7),
('joueur1', 'yasuo', 'mode2', 'A', 62.1, 45, 2.9, 18.3),
('joueur2', 'yasuo', 'mode1', 'A', 59.8, 67, 2.8, 22.4),
('joueur3', 'yasuo', 'mode1', 'B', 52.3, 34, 2.4, 19.7),
('joueur6', 'yasuo', 'mode1', 'S', 65.7, 89, 3.1, 28.9),
('joueur9', 'yasuo', 'mode1', 'C', 48.9, 23, 2.1, 16.5),
('joueur10', 'yasuo', 'mode1', 'D', 42.6, 12, 1.8, 12.3),
('joueur4', 'yasuo', 'mode1', 'B', 55.2, 41, 2.5, 17.8),
('joueur5', 'yasuo', 'mode1', 'A', 58.9, 56, 2.7, 20.1),
('joueur7', 'yasuo', 'mode1', 'C', 49.3, 28, 2.2, 15.4),
('joueur8', 'yasuo', 'mode1', 'B', 53.7, 39, 2.4, 18.9),
('joueur11', 'yasuo', 'mode1', 'A', 61.4, 72, 2.9, 23.6),
('joueur12', 'yasuo', 'mode1', 'C', 47.8, 31, 2.0, 14.2),
('joueur17', 'yasuo', 'mode1', 'D', 43.2, 18, 1.7, 11.5),
('joueur24', 'yasuo', 'mode1', 'C', 46.5, 25, 1.9, 13.8),
('joueur29', 'yasuo', 'mode1', 'B', 51.9, 37, 2.3, 16.7),
('joueur1', 'yasuo', 'mode4', 'S', 75.2, 34, 3.8, 8.9),
('joueur2', 'yasuo', 'mode4', 'A', 63.7, 22, 3.0, 7.4),
('joueur3', 'yasuo', 'mode4', 'B', 57.4, 18, 2.6, 6.8),
('joueur6', 'yasuo', 'mode3', 'B', 54.1, 15, 2.5, 9.3),
('joueur2', 'yasuo', 'mode2', 'B', 55.6, 32, 2.4, 15.9),
('joueur4', 'yasuo', 'mode2', 'C', 48.7, 19, 2.1, 12.4),
('joueur23', 'yasuo', 'mode1', 'S', 72.8, 156, 3.5, 31.2),
('joueur21', 'yasuo', 'mode1', 'S', 69.3, 98, 3.3, 27.8),
('joueur22', 'yasuo', 'mode1', 'A', 64.2, 67, 2.9, 24.1),
('joueur20', 'yasuo', 'mode1', 'D', 39.1, 14, 1.5, 9.8),
('joueur28', 'yasuo', 'mode1', 'C', 45.6, 21, 1.8, 11.2),
('joueur1', 'yone', 'mode1', 'S', 72.1, 89, 3.6, 18.9),
('joueur1', 'zed', 'mode1', 'A', 61.8, 67, 2.9, 32.4),
('joueur1', 'irelia', 'mode1', 'B', 55.3, 42, 2.7, 12.5),
('joueur1', 'akali', 'mode1', 'A', 64.7, 58, 3.1, 21.8),
('joueur1', 'viego', 'mode1', 'B', 57.2, 35, 2.6, 14.3),
('joueur13', 'yasuo', 'mode1', 'C', 49.5, 27, 2.1, 14.8),
('joueur14', 'yasuo', 'mode1', 'B', 56.3, 44, 2.6, 19.2),
('joueur15', 'yasuo', 'mode1', 'A', 60.8, 61, 2.8, 21.7),
('joueur16', 'yasuo', 'mode1', 'C', 47.2, 29, 2.0, 13.5),
('joueur18', 'yasuo', 'mode1', 'B', 54.9, 38, 2.4, 17.3),
('joueur19', 'yasuo', 'mode1', 'A', 59.7, 52, 2.7, 20.5),
('joueur25', 'yasuo', 'mode1', 'D', 41.8, 16, 1.6, 10.9),
('joueur26', 'yasuo', 'mode1', 'C', 46.1, 24, 1.9, 12.7),
('joueur27', 'yasuo', 'mode1', 'B', 53.4, 36, 2.3, 16.1),
('joueur30', 'yasuo', 'mode1', 'A', 58.2, 49, 2.6, 19.8);

-- Skins
INSERT INTO SkinChampion (id_champion, id_skin, nom_skin) VALUES
('yasuo', 'skin1', 'Yasuo Nightbringer'),
('yasuo', 'skin2', 'Yasuo Spirit Blossom'),
('yone', 'skin1', 'Yone Dawnbringer'),
('zed', 'skin1', 'Zed Shockblade'),
('irelia', 'skin1', 'Irelia Divine Sword'),
('akali', 'skin1', 'Akali True Damage');

-- Items Joueur + Runes Joueur (pour exemples de matchs)
INSERT INTO ItemJoueur (id_item, nom_item, slot) VALUES
('itemJ1', 'Doran''s Blade', 1),
('itemJ2', 'Doran''s Ring', 1),
('itemJ3', 'Doran''s Shield', 1),
('itemJ4', 'Health Potion', 2),
('itemJ5', 'Corrupting Potion', 2),
('itemJ6', 'Berserker''s Greaves', 3),
('itemJ7', 'Mercury''s Treads', 3),
('itemJ8', 'Sorcerer''s Shoes', 3),
('itemJ9', 'Plated Steelcaps', 3),
('itemJ10', 'Immortal Shieldbow', 4),
('itemJ11', 'Galeforce', 4),
('itemJ12', 'Kraken Slayer', 4),
('itemJ13', 'Trinity Force', 4),
('itemJ14', 'Eclipse', 4),
('itemJ15', 'Duskblade of Draktharr', 4),
('itemJ16', 'Infinity Edge', 5),
('itemJ17', 'Bloodthirster', 5),
('itemJ18', 'Guardian Angel', 5),
('itemJ19', 'Death''s Dance', 5),
('itemJ20', 'Maw of Malmortius', 5),
('itemJ21', 'Phantom Dancer', 5),
('itemJ22', 'Rapid Firecannon', 5),
('itemJ23', 'Lord Dominik''s Regards', 5),
('itemJ24', 'Mortal Reminder', 5),
('itemJ25', 'Stormrazor', 5),
('itemJ26', 'Spirit Visage', 6),
('itemJ27', 'Force of Nature', 6),
('itemJ28', 'Thornmail', 6),
('itemJ29', 'Randuin''s Omen', 6);

INSERT INTO RuneJoueur (id_runejoueur, rune_principale, rune_secondaire) VALUES
('runeJ1', 'Precision', 'Domination'),
('runeJ2', 'Precision', 'Resolve'),
('runeJ3', 'Domination', 'Precision'),
('runeJ4', 'Domination', 'Sorcery'),
('runeJ5', 'Sorcery', 'Inspiration'),
('runeJ6', 'Sorcery', 'Precision'),
('runeJ7', 'Resolve', 'Inspiration'),
('runeJ8', 'Resolve', 'Precision'),
('runeJ9', 'Inspiration', 'Sorcery');

-- Acheter (builds)
INSERT INTO Acheter (id_champion, id_item, slot) VALUES
('yasuo', 'dblade', 1),
('yasuo', 'berserker', 3),
('yasuo', 'shieldbow', 4),
('yasuo', 'ie', 5),
('yasuo', 'bt', 6),
('yone', 'dblade', 1),
('yone', 'berserker', 3),
('yone', 'shieldbow', 4),
('yone', 'ie', 5),
('yone', 'guardian', 6),
('zed', 'dblade', 1),
('zed', 'mercury', 3),
('zed', 'eclipse', 4),
('zed', 'maw', 5),
('zed', 'guardian', 6),
('irelia', 'dblade', 1),
('irelia', 'berserker', 3),
('irelia', 'trinity', 4),
('irelia', 'deathdance', 5),
('irelia', 'visage', 6),
('akali', 'dring', 1),
('akali', 'sorcerer', 3),
('akali', 'eclipse', 4),
('akali', 'maw', 5),
('akali', 'force', 6),
('kaisa', 'dblade', 1),
('kaisa', 'berserker', 3),
('kaisa', 'stormrazor', 4),
('kaisa', 'ie', 5),
('kaisa', 'phantom', 6),
('jinx', 'dblade', 1),
('jinx', 'berserker', 3),
('jinx', 'stormrazor', 4),
('jinx', 'ie', 5),
('jinx', 'rfc', 6),
('malphite', 'dshield', 1),
('malphite', 'steelcaps', 3),
('malphite', 'sunfire', 4),
('malphite', 'thornmail', 5),
('malphite', 'randuin', 6),
('thresh', 'dshield', 1),
('thresh', 'mercury', 3),
('thresh', 'locket', 4),
('thresh', 'thornmail', 5),
('thresh', 'visage', 6),
('ahri', 'dring', 1),
('ahri', 'sorcerer', 3),
('ahri', 'luden', 4),
('ahri', 'rabadon', 5),
('ahri', 'zhonya', 6),
('lux', 'dring', 1),
('lux', 'sorcerer', 3),
('lux', 'luden', 4),
('lux', 'rabadon', 5),
('lux', 'zhonya', 6),
('darius', 'dblade', 1),
('darius', 'steelcaps', 3),
('darius', 'trinity', 4),
('darius', 'sterak', 5),
('darius', 'deathdance', 6),
('garen', 'dshield', 1),
('garen', 'berserker', 3),
('garen', 'stridebreaker', 4),
('garen', 'sterak', 5),
('garen', 'force', 6);

-- Choisir (runes par champion)
INSERT INTO Choisir (id_champion, id_rune) VALUES
('yasuo', 'rune_yasuo'),
('yone', 'rune_yone'),
('zed', 'rune_zed'),
('irelia', 'rune_fiora'),
('akali', 'rune_akali'),
('kaisa', 'rune_kaisa'),
('jinx', 'rune_jinx'),
('ahri', 'rune_ahri'),
('lux', 'rune_lux'),
('darius', 'rune_darius'),
('leesin', 'rune_leesin'),
('thresh', 'rune_thresh'),
('leona', 'rune_leona'),
('malphite', 'rune_malphite'),
('ornn', 'rune_ornn'),
('viego', 'rune_conq_standard'),
('riven', 'rune_conq_standard'),
('renekton', 'rune_conq_standard'),
('aatrox', 'rune_conq_standard'),
('caitlyn', 'rune_lethal_standard'),
('ashe', 'rune_ashe'),
('vayne', 'rune_lethal_standard'),
('katarina', 'rune_katarina'),
('fizz', 'rune_electro_standard'),
('orianna', 'rune_orianna'),
('syndra', 'rune_syndra'),
('viktor', 'rune_viktor');

-- AcheterJoueur (exemples)
INSERT INTO AcheterJoueur (id_joueur, id_match, id_item) VALUES
('joueur1', 'match1', 'itemJ1'),
('joueur1', 'match1', 'itemJ6'),
('joueur1', 'match1', 'itemJ10'),
('joueur1', 'match1', 'itemJ16'),
('joueur1', 'match1', 'itemJ17'),
('joueur1', 'match2', 'itemJ1'),
('joueur1', 'match2', 'itemJ6'),
('joueur1', 'match2', 'itemJ10'),
('joueur1', 'match2', 'itemJ16'),
('joueur1', 'match2', 'itemJ25'),
('joueur1', 'match3', 'itemJ1'),
('joueur1', 'match3', 'itemJ6'),
('joueur1', 'match3', 'itemJ10'),
('joueur1', 'match3', 'itemJ16'),
('joueur1', 'match3', 'itemJ19'),
('joueur2', 'match1', 'itemJ1'),
('joueur2', 'match1', 'itemJ7'),
('joueur2', 'match1', 'itemJ14'),
('joueur2', 'match1', 'itemJ20'),
('joueur3', 'match1', 'itemJ1'),
('joueur3', 'match1', 'itemJ6'),
('joueur3', 'match1', 'itemJ13'),
('joueur3', 'match1', 'itemJ19'),
('joueur4', 'match2', 'itemJ1'),
('joueur4', 'match2', 'itemJ6'),
('joueur4', 'match2', 'itemJ12'),
('joueur4', 'match2', 'itemJ16'),
('joueur5', 'match3', 'itemJ3'),
('joueur5', 'match3', 'itemJ7'),
('joueur5', 'match3', 'itemJ13'),
('joueur5', 'match3', 'itemJ28');

-- ChoisirJoueur (exemples)
INSERT INTO ChoisirJoueur (id_joueur, id_match, id_runejoueur) VALUES
('joueur1', 'match1', 'runeJ1'),
('joueur1', 'match2', 'runeJ1'),
('joueur1', 'match3', 'runeJ1'),
('joueur1', 'match4', 'runeJ1'),
('joueur1', 'match5', 'runeJ1'),
('joueur2', 'match1', 'runeJ3'),
('joueur2', 'match4', 'runeJ3'),
('joueur3', 'match1', 'runeJ2'),
('joueur3', 'match5', 'runeJ2'),
('joueur4', 'match2', 'runeJ1'),
('joueur5', 'match3', 'runeJ7'),
('joueur6', 'match6', 'runeJ5'),
('joueur7', 'match7', 'runeJ4');

/* ============================================================
   COMPLÉMENTS DE PEUPLEMENT (pour activer l’analyse anomalies)
   ============================================================ */
-- Builds supplémentaires
INSERT INTO Acheter (id_champion, id_item, slot) VALUES
('aatrox', 'dblade', 1),
('aatrox', 'steelcaps', 2),
('aatrox', 'goredrinker', 3),
('aatrox', 'cleaver', 4),
('aatrox', 'deathdance', 5),

('renekton', 'dblade', 1),
('renekton', 'steelcaps', 2),
('renekton', 'stridebreaker', 3),
('renekton', 'sterak', 4),
('renekton', 'deathdance', 5),

('camille', 'dblade', 1),
('camille', 'steelcaps', 2),
('camille', 'trinity', 3),
('camille', 'sterak', 4),
('camille', 'deathdance', 5),

('ksante', 'dshield', 1),
('ksante', 'steelcaps', 2),
('ksante', 'sunfire', 3),
('ksante', 'frozen', 4),
('ksante', 'thornmail', 5),

('garen', 'visage', 6); -- slot supplémentaire, pas de doublon (item différent)

-- Runes supplémentaires
INSERT INTO Choisir (id_champion, id_rune) VALUES
('camille', 'rune_camille'),
('ksante', 'rune_grasp_standard'),
('garen', 'rune_garen');

-- StatistiquesChamp additionnelles (variance forte)
INSERT INTO StatistiquesChamp (id_joueur, id_champion, id_mode, note, taux_victoire, parties_jouees, kda_moyen, taux_ban) VALUES
('joueur3',  'aatrox',   'mode1', 'S', 66.8, 120, 3.40, 28.5),
('joueur11', 'aatrox',   'mode1', 'S', 64.2,  95, 3.20, 31.0),
('joueur21', 'aatrox',   'mode1', 'S', 67.5, 110, 3.50, 33.2),
('joueur23', 'aatrox',   'mode1', 'S', 69.1, 140, 3.85, 36.8),

('joueur4',  'renekton', 'mode1', 'B', 53.2, 80,  2.60, 18.0),
('joueur5',  'renekton', 'mode1', 'A', 56.1, 70,  2.75, 20.5),
('joueur18', 'renekton', 'mode1', 'B', 54.4, 60,  2.55, 17.2),

('joueur6',  'camille',  'mode1', 'A', 58.6, 85,  2.90, 19.4),
('joueur14', 'camille',  'mode1', 'B', 55.3, 62,  2.65, 16.7),
('joueur19', 'camille',  'mode1', 'A', 59.1, 73,  2.80, 21.1),

('joueur8',  'ksante',   'mode1', 'C', 47.2, 68,  2.10, 14.3),
('joueur16', 'ksante',   'mode1', 'C', 46.5, 59,  2.05, 13.9),
('joueur22', 'ksante',   'mode1', 'C', 48.1, 64,  2.15, 15.2),

('joueur3',  'akali',    'mode1', 'A', 60.2, 55,  3.05, 22.0),
('joueur6',  'viktor',   'mode1', 'B', 54.0, 48,  2.70, 18.5),
('joueur11', 'zed',      'mode1', 'A', 62.5, 77,  3.10, 29.9),
('joueur21', 'irelia',   'mode1', 'B', 55.9, 52,  2.65, 20.2);
